Workbook

Sheet Hoja1
A1: NOMBRE | B1: CELULAR | C1: MAIL | D1: BASICO | E1: BASICO INT | F1: NIVEL II | G1: NIVEL III | H1: PHOTOS I | I1: PHOTOS II | J1: PHOTOS 3 | K1: PHOTOS ByN | L1: Photoshop Pieles | M1: JORNADA ROD. | N1: PROYECTO | O1: LA MIRADA | P1: POETICAS | Q1: LR
A2: Abel Gomez | C2: abelg608@gmail.com | H2: Mayo 23 | I2: Junio 23
A3: Abi Cima | Q3: Abril 25
A4: Abi Cima | H4: Mayo 25
A5: Abi Cima | I5: Junio 25
A6: Abi Cima | K6: Junio 25
A7: Adela Rizzolli | B7: 154044-6018 | C7: adelarizzolli@gmail.com | M7: 42064
A8: Adrian Cavallaro | H8: Abril 24
A9: Adrian Cavallaro | I9: Mayo 24
A10: Adrian Cavallaro | J10: Junio 24
A11: Adrian Gaitan | B11: 1161286168 | C11: adriburza@hotmail.com | H11: Enero 23 | I11: Julio 23
A12: Adrian Gaitan | Q12: 45985
A13: Adrian Larcamon | B13: 11 6722 4784 | C13: elmonoliso@gmail.com | K13: Jun 21 online
A14: Adriana Balcarce | B14: 11 5101 4190 | C14: =HYPERLINK("mailto:adrianabalcarce@fibertel.com.ar","adrianabalcarce@fibertel.com.ar") -> adrianabalcarce@fibertel.com.ar | F14: 40789 | H14: 41277
A15: Adriana Bauab | B15: 17 4927 2975 | C15: adribauab@gmail.com | E15: Ene 21
A16: Adriana Caprari | C16: adriana.caprari@gmail.com | E16: 41642
A17: Adriana Chillo | H17: Julio 24 | I17: Agosto 24
A18: Adriana Chillo | J18: Sept 24
A19: Adriana Cordoba | C19: adricor_a@hotmail.com | H19: Agosto 20 online | I19: Sept 20 online | J19: Oct 20 online
A20: Adriana Cuesta Suarez | B20: 17 3595 5586 | C20: anacuestasuarez@yahoo.com.ar | D20: 40819
A21: Adriana Daher | B21: 17 55937700 | C21: adri.daher@gmail.com | D21: Agos 21
A22: Adriana Nenadovik | H22: Marzo 25
A23: Adriana Olivares | H23: Agosto 23 | I23: Sept 23
A24: Adriana Sol | B24: 1565155460 | C24: soladria@gmail.com | H24: Abril 21 online | I24: Junio 21 online | J24: Julio 21 online | K24: Sept 21 online | P24: Abril 23
A25: Adriana Sol | P25: Julio 24
A26: Agustin Buldo | C26: agustincrevatin@gmail.com | H26: Junio 23
A27: Agustín Castro | C27: agustingcastro@hotmail.com | E27: Sept 19
A28: Agustin Romero | H28: Enero 25
A29: Agustin Romero | I29: 45713
A30: Agustina Castañon | B30: 1565519410 | C30: castanon.agustina@gmail.com | D30: 43299
A31: Agustina Liendo | B31: 1161175618 | C31: aguspaula00@gmail.com | H31: Abril 21 online
A32: Agustina Melo | B32: 236-154303074 | C32: agustinamelo87@gmail.com | D32: Agos 19 | H32: Agosto 20 online | I32: Sept 20 online | J32: Oct 20 online | K32: Nov 20 online
A33: Agustina Sicoli | B33: 1169495127 | C33: agustinascicoliok@gmail.com | H33: Enero 24
A34: Agustina Sicoli | H34: Enero 24
A35: Agustina Spinelli | B35: 1561786042 | C35: s3.agustina@gmail.com | E35: 43149
A36: Agustina Wortman Jofre | C36: =HYPERLINK("mailto:gugaa.2@hotmail.com","gugaa.2@hotmail.com") -> gugaa.2@hotmail.com | E36: 41306
A37: Alanis Gustavo Ceferino | B37: 92214950413 | C37: gusalaniz@hotmail.com | D37: octubre 21 online | H37: 45252 | I37: enero 23
A38: Albert Feifer | C38: 17855731 dni
A39: Albert Feifer | Q39: 45833
A40: Alberto Crincoli | Q40: 45985
A41: Alberto Crincoli | H41: Sept 24
A42: Alberto Crincoli | I42: 45954
A43: Alberto Crincoli | J43: 45985
A44: Alberto Ferreira | H44: Marzo 25
A45: Alberto Ferreira | I45: Abril 25
A46: Alberto Sosa | C46: rasartphotography@gmail.com | I46: Febrero 23 | K46: Octubre 22 | L46: Julio 23 | P46: Abril 23
A47: Alcira González | C47: impresionescameleon@gmail.com | H47: 45222 | I47: 45253
A48: Aldana Fernández | B48: 15-6571-1058 | C48: =HYPERLINK("mailto:aldana@denega.com.ar","aldana@denega.com.ar") -> aldana@denega.com.ar | D48: 41000
A49: Aldana Ghioldi | B49: 15 6372 5163 | C49: alchu_26@hotmail.com | D49: 41030
A50: Aldana Quintana | Q50: 45985
A51: Ale de Larrañaga | H51: Mayo 25
A52: Ale de Larrañaga | I52: Junio 25
A53: Alejandra Bazán | B53: 1557492620 | C53: bazanalejandra@hotmail.com | D53: 41214
A54: Alejandra Cultrera | H54: Enero 24 | I54: Febrero 24 | J54: Marzo 24
A55: Alejandra Cultrera | H55: Enero 24
A56: Alejandra Dina Cordoba | C56: alejandracordoba94@gmail.com | L56: Abril 23
A57: Alejandra Escudero | B57: 15 57662896 | C57: =HYPERLINK("mailto:alebo21@hotmail.com","alebo21@hotmail.com") -> alebo21@hotmail.com | D57: 42186
A58: Alejandra Gonzalez | H58: Marzo 25
A59: Alejandra Gonzalez | I59: Abril 25
A60: Alejandra Ibañez | B60: 1136799597 | C60: ibaniezalejandra@gmail.com | E60: Sept 18 | H60: Agosto 20 online | I60: Sept 20 online
A61: Alejandra Ines Cultrera | B61: 1560238565 | C61: aleines_cultrera@hotmail.com | F61: Sept-15 | H61: 41791 | M61: 42125
A62: Alejandra Larricart | C62: Alejandralarricart626@gmail.com | H62: Agosto 23
A63: Alejandra Lopez | B63: 15 36440992 | C63: =HYPERLINK("mailto:malelopez@me.com","malelopez@me.com") -> malelopez@me.com | D63: 41214
A64: Alejandra Ondarts | C64: =HYPERLINK("mailto:alondarts@hotmail.com","alondarts@hotmail.com") -> alondarts@hotmail.com | E64: 41456
A65: Alejandra Otero | B65: 92974397769 | C65: oteroa544@gmail.com | H65: Julio 22
A66: Alejandra Rabaglia | B66: 3874856691 | C66: arabaglia@hotmail.com | H66: Febrero 24
A67: Alejandra Ramos | B67: 1555237137 | C67: alemarikena@hotmail.com | D67: 41214
A68: Alejandra Rebagliati | B68: 1544946462 | C68: marebagliati@yahoo.com.ar | H68: Abril 21 online
A69: Alejandra Rojas | B69: 15 3838 3741 | C69: =HYPERLINK("mailto:ebkurck@yahoo.com","ebkurck@yahoo.com") -> ebkurck@yahoo.com | D69: 42095 | E69: 41518 | F69: 42156
A70: Alejandra Villers | B70: 15 6742 4942 | C70: =HYPERLINK("mailto:villersma@gmail.com","villersma@gmail.com") -> villersma@gmail.com | D70: 40603 | F70: 40756 | M70: 42064
A71: Alejandro Acuña | C71: almami35@hotmail.com | H71: Enero 23
A72: Alejandro Bustamante | C72: =HYPERLINK("mailto:alebusfri@yahoo.com.ar","alebusfri@yahoo.com.ar") -> alebusfri@yahoo.com.ar | M72: 42309
A73: Alejandro Cabrera | C73: alejandrocabrera11@hotmail.com | H73: Marzo 23
A74: Alejandro Corsico | Q74: 45985
A75: Alejandro Ferraro | C75: aferraro44@yahoo.com.ar | H75: Agosto 23 | I75: Sept 23 | J75: Octubre 23
A76: Alejandro Figueroa | B76: 1134248710 | C76: alejofigo@hotmail.com | H76: Enero 24 | I76: Febrero 24 | J76: Marzo 24
A77: Alejandro Figueroa | H77: Enero 24
A78: Alejandro Gonzalez Alzaga | B78: 15 5939 6246 | C78: =HYPERLINK("mailto:muyfacil@gmail.com","muyfacil@gmail.com") -> muyfacil@gmail.com | M78: 42309
A79: Alejandro Incarbone | B79: 1540682278 | C79: =HYPERLINK("mailto:aleincar@hotmail.com","aleincar@hotmail.com") -> aleincar@hotmail.com | E79: 41913
A80: Alejandro Mori | B80: 1530050483 | C80: =HYPERLINK("mailto:amori@bcra.gob.ar","amori@bcra.gob.ar") -> amori@bcra.gob.ar | D80: 41518
A81: Alejandro San Juan | B81: 156 933 6934 | C81: alejsj@yahoo.com.ar | D81: 41852
A82: Alejandro Taborda | H82: Mayo 25
A83: Alessandra Giabbani | C83: =HYPERLINK("mailto:agiabbani@gmail.com","agiabbani@gmail.com") -> agiabbani@gmail.com
A84: Alexandra García | B84: 1560511816 | C84: badaale@gmail.com | D84: Ene - 17
A85: Alexandru Filimon | P85: Julio 24
A86: Alexia | H86: Enero 24
A87: Alexia | H87: Enero 24
A88: Alfredo Gargano | C88: =HYPERLINK("mailto:alfredogargano@hotmail.com","alfredogargano@hotmail.com") -> alfredogargano@hotmail.com | E88: 41306
A89: Alfredo suaya | C89: =HYPERLINK("mailto:alfredosuaya@gmail.com","alfredosuaya@gmail.com") -> alfredosuaya@gmail.com | E89: 41365 | H89: Sept 18
A90: Alfredo Svarzchtein | B90: 1161965765 | C90: alfregacedo@gmail.com | K90: Sept 21 online
A91: Alicia Hendler | B91: 15 4178 7110 | C91: =HYPERLINK("mailto:alicia.hendler@gmail.com","alicia.hendler@gmail.com") -> alicia.hendler@gmail.com | E91: 41275
A92: Alicia Madeo | B92: 15-6056-7879 | C92: aliciamadeo@yahoo.com.ar | D92: 42064
A93: Alicia Miranda | B93: 1545584177 | C93: amirand@intramed.net | D93: 42856
A94: Alicia Mora | Q94: 45833
A95: Alicia Perednik | C95: estudioaap@hotmail.com | P95: Feb 22 online
A96: Alicia Sosa | I96: Junio 24
A97: Alma Valdez | B97: 1130650898 | C97: almavaldez22@gmail.com | H97: Enero 24
A98: Alma Valdez | H98: Enero 24
A99: Alvaro Azzimonti | B99: 15 3778 0886 | C99: alvaroyanuk@gmail.com | D99: 42095
A100: Amalia Gerpe | B100: 15 6483 2644 | C100: =HYPERLINK("mailto:wonderami@yahoo.com.ar","wonderami@yahoo.com.ar") -> wonderami@yahoo.com.ar | D100: 41518 | F100: 41913
...

Sheet Hoja2
A1: #N/A
A2: =VLOOKUP(#REF!,Hoja1!A:A,TRUE) -> #REF!
A3: =VLOOKUP(Hoja1!A3,Hoja1!A:A,TRUE) -> Abi Cima
A4: =VLOOKUP(Hoja1!A4,Hoja1!A:A,TRUE) -> Abi Cima
A5: =VLOOKUP(#REF!,Hoja1!A:A,TRUE) -> #REF!
A6: =VLOOKUP(Hoja1!A5,Hoja1!A:A,TRUE) -> Abi Cima
A7: =VLOOKUP(Hoja1!A6,Hoja1!A:A,TRUE) -> Abi Cima
A8: =VLOOKUP(Hoja1!A7,Hoja1!A:A,TRUE) -> Adela Rizzolli
A9: =VLOOKUP(Hoja1!A8,Hoja1!A:A,TRUE) -> Adrian Cavallaro
A10: =VLOOKUP(Hoja1!A9,Hoja1!A:A,TRUE) -> Adrian Cavallaro
A11: =VLOOKUP(Hoja1!A10,Hoja1!A:A,TRUE) -> Adrian Cavallaro
A12: =VLOOKUP(Hoja1!A11,Hoja1!A:A,TRUE) -> Adrian Gaitan
A13: =VLOOKUP(Hoja1!A12,Hoja1!A:A,TRUE) -> Adrian Gaitan
A14: =VLOOKUP(#REF!,Hoja1!A:A,TRUE) -> #REF!
A15: =VLOOKUP(Hoja1!A13,Hoja1!A:A,TRUE) -> Adrian Larcamon
A16: =VLOOKUP(#REF!,Hoja1!A:A,TRUE) -> #REF!
A17: =VLOOKUP(Hoja1!A14,Hoja1!A:A,TRUE) -> Adriana Balcarce
A18: =VLOOKUP(Hoja1!A15,Hoja1!A:A,TRUE) -> Adriana Bauab
A19: =VLOOKUP(Hoja1!A16,Hoja1!A:A,TRUE) -> Adriana Caprari

Sheet Hoja3
